"source_path","site","classification","file_type","bytes","dimensions","sha256","disposition","destination","owner","usage_files","alt_text","alt_text_status","caption","credit","usage_approval","original_status","exact_duplicate_of","possible_duplicate_of","quality_issues","notes"
"apps/churchmain/public/images/placeholds/1.jpg","churchmain","editorial image","jpg","35411","681x450","8f09247652cf5f98acce1d231944e482baf891dbd67d0447d103baf78cd2697e","replace","Sanity image asset after an approved church original is supplied","churchMain.homePage.hero","apps/churchmain/src/components/home/hero.astro","RCCG Cornerstone Assembly congregation","present but inaccurate for the stock image",,,"development-only","missing; placeholder only",,,"placeholder; alt text describes intended content rather than the current image","Allowed as a Church Main development placeholder; do not migrate this stock image."
"apps/churchmain/src/assets/cornerstone-logo-horizontal.png","churchmain","logo/brand asset","png","813755","1919x820","0d7b1686bdc9650914e83b91c77065a7b14ecebb4ecc3caa960e91bc0c8daf01","keep in Git","apps/churchmain/src/assets","churchMain.brand","apps/churchmain/src/components/home/hero.astro; apps/churchmain/src/layouts/layout.astro","RCCG Cornerstone Assembly","present",,,"approved","rendered PNG only; design source unconfirmed",,,"","Build-time brand asset; do not move blindly into Sanity."
"apps/churchmain/src/assets/logo.png","churchmain","logo/brand asset","png","656879","944x770","7ca376b89e79a5fd0b31aebc8846405ce845370836d7440ddc366319f57fd7e7","keep in Git","apps/churchmain/src/assets","churchMain.brand","apps/churchmain/src/layouts/layout.astro","RCCG Cornerstone Assembly — home","present",,,"approved","rendered PNG only; vector source unconfirmed",,,"large raster logo; optimize or replace with an approved vector original if available","Used as the site mark and favicon."
"apps/churchmain/src/assets/pastors/reuben-adeleye.png","churchmain","editorial image","png","253079","900x900","e173af706f59d435f5243a7f845b917e990decc1927978179c37a7e417868bac","replace","Use apps/womanexcel/public/images/speakers/reuben-adeleye.png as the canonical Sanity person portrait","person.reubenAdeleye","apps/churchmain/src/components/home/welcome-message.astro","Pst. Reuben Adeleye","present",,,"disapproved","derived square crop; original photograph missing",,"apps/womanexcel/public/images/speakers/reuben-adeleye.png","superseded by the newer Woman Excel portrait","Do not migrate this Church Main crop; replace it with the newer Woman Excel portrait."
"apps/churchmain/src/assets/pastors/toyin-adeleye.png","churchmain","editorial image","png","168994","900x900","783402990b615c0c0030845d9e8f50b4a66f32ced75208478df17059690a96b1","replace","Use apps/womanexcel/public/images/speakers/toyin-adeleye.png as the canonical Sanity person portrait","person.toyinAdeleye","apps/churchmain/src/components/home/welcome-message.astro","Pst. Toyin Adeleye","present",,,"disapproved","derived square crop; original photograph missing",,"apps/womanexcel/public/images/speakers/toyin-adeleye.png","superseded by the newer Woman Excel portrait","Do not migrate this Church Main crop; replace it with the newer Woman Excel portrait."
"apps/womanexcel/public/images/banner.jpeg","womanexcel","document","jpeg","282589","1920x1080","720dd5e2473ff3127d12486b2257d77080101a6d9a4c87dc42648d0563d2248b","move to Sanity","Sanity conference promotional image","womanExcel.conference.2026","apps/womanexcel/src/components/conference/2026/mailinglist.astro",,"missing",,,"approved","flattened JPEG only; editable design source missing",,,"missing alt text; important event details exist only inside the image; permission and credit unconfirmed","Real 2026 event poster, not placeholder photography."
"apps/womanexcel/public/images/conference/2025/agenda-saturday.jpg","womanexcel","document","jpg","47405","480x479","6ba9d3ca3e23b201d8ec8b387ba2c82199667278f0d56471ba1253d0aa54fff8","move to Sanity","Sanity conference programme image","womanExcel.conference.2025.schedule","apps/womanexcel/src/pages/conference/2025.astro","Saturday May 17 Woman Excel 2025 programme","present","Saturday · May 17",,"approved","flattened JPEG only; editable programme source missing",,,"important programme details exist only inside the image; permission and credit unconfirmed","Real 2025 event programme; preserve the accessible HTML schedule alongside it."
"apps/womanexcel/public/images/conference/2025/agenda-sunday.jpg","womanexcel","document","jpg","94454","1080x1350","965a28f2e7238e1c7d80de53ad157057cf2e6a3a3d39df1fb04fa09cd1727f37","move to Sanity","Sanity conference programme image","womanExcel.conference.2025.schedule","apps/womanexcel/src/pages/conference/2025.astro","Sunday May 18 Woman Excel 2025 programme","present","Sunday · May 18",,"approved","flattened JPEG only; editable programme source missing",,,"important programme details exist only inside the image; permission and credit unconfirmed","Real 2025 event programme; preserve the accessible HTML schedule alongside it."
"apps/womanexcel/public/images/conference/2025/excel-theme.png","womanexcel","editorial image","png","61029","1740x904","d4b74c72b64a97490f4c59338f05d278584203e17da234dd2f8db0737933d685","move to Sanity","Sanity conference themeArtwork image field","womanExcel.conference.2025.theme","apps/womanexcel/src/pages/conference/2025.astro","Excel","present",,,"approved","rendered transparent PNG; editable design source unconfirmed",,,"","Approved conference-specific hero theme artwork; migrate to the 2025 conference themeArtwork field."
"apps/womanexcel/public/images/conference/2025/gallery-01.jpg","womanexcel","editorial image","jpg","107936","1080x608","66b47841b10c2200f563147132e7bbc524fd000ad587c8d49df8c0e389c77697","move to Sanity","Sanity conference gallery image","womanExcel.conference.2025.gallery","apps/womanexcel/src/pages/conference/2025.astro","Women praying together around a table at Woman Excel 2025","present",,,"approved","web-ready JPEG only; camera original unconfirmed",,,"permission and credit unconfirmed","Real Woman Excel 2025 conference photograph."
"apps/womanexcel/public/images/conference/2025/gallery-02.jpg","womanexcel","editorial image","jpg","71955","1080x608","01b4283321e0b73bb0374ed13e048c021a289ab2451dbf33f755442707b8ea4d","move to Sanity","Sanity conference gallery image","womanExcel.conference.2025.gallery","apps/womanexcel/src/pages/conference/2025.astro","Two women sharing a prayerful moment at Woman Excel 2025","present",,,"approved","web-ready JPEG only; camera original unconfirmed",,,"permission and credit unconfirmed","Real Woman Excel 2025 conference photograph."
"apps/womanexcel/public/images/conference/2025/gallery-03.jpg","womanexcel","editorial image","jpg","96865","1080x608","d68377f73c2f01cc9685c8231ab2df4b5a22de2ec1792a82320d3520ab990e36","move to Sanity","Sanity conference gallery image","womanExcel.conference.2025.gallery","apps/womanexcel/src/pages/conference/2025.astro","A group of women worshipping together at Woman Excel 2025","present",,,"approved","web-ready JPEG only; camera original unconfirmed",,,"permission and credit unconfirmed","Real Woman Excel 2025 conference photograph."
"apps/womanexcel/public/images/conference/2025/gallery-04.jpg","womanexcel","editorial image","jpg","88085","1080x608","aaae8a81d3957952e353aa1d1f22489f589fb272bdb11d933bfb9fd23b6dbe60","move to Sanity","Sanity conference gallery image","womanExcel.conference.2025.gallery","apps/womanexcel/src/pages/conference/2025.astro","Two attendees singing together during Woman Excel 2025","present",,,"approved","web-ready JPEG only; camera original unconfirmed",,,"permission and credit unconfirmed","Real Woman Excel 2025 conference photograph."
"apps/womanexcel/public/images/conference/2025/gallery-05.jpg","womanexcel","editorial image","jpg","106215","1080x608","c772952ba3cc8f703cc1bb9e0d31dfa51a2810060c0cce821f4d4e07eb7d3310","move to Sanity","Sanity conference gallery image","womanExcel.conference.2025.gallery","apps/womanexcel/src/pages/conference/2025.astro","Women standing together in prayer at Woman Excel 2025","present",,,"approved","web-ready JPEG only; camera original unconfirmed",,,"permission and credit unconfirmed","Real Woman Excel 2025 conference photograph."
"apps/womanexcel/public/images/conference/2025/gallery-06.jpg","womanexcel","editorial image","jpg","74589","1080x608","463133969b06c0b74fc07c50a86be9ea454bd7af1ca687bb12860457b5376444","move to Sanity","Sanity conference gallery image","womanExcel.conference.2025.gallery","apps/womanexcel/src/pages/conference/2025.astro","Two women connecting during the 2025 conference","present",,,"approved","web-ready JPEG only; camera original unconfirmed",,,"permission and credit unconfirmed","Real Woman Excel 2025 conference photograph."
"apps/womanexcel/public/images/conference/2025/gallery-07.jpg","womanexcel","editorial image","jpg","87784","1080x608","605aea118b10e3ef13d0f16a6a9a43f50f2719af53bfd77f2f284ee1eaa6875f","move to Sanity","Sanity conference gallery image","womanExcel.conference.2025.gallery","apps/womanexcel/src/pages/conference/2025.astro","An attendee in a purple Excel sweatshirt during the conference","present",,,"approved","web-ready JPEG only; camera original unconfirmed",,,"permission and credit unconfirmed","Real Woman Excel 2025 conference photograph."
"apps/womanexcel/public/images/conference/2025/gallery-08.jpg","womanexcel","editorial image","jpg","82830","1080x608","b039741ad7f5b248047245517d9d930013e30164bed3b414489f9e504f723816","move to Sanity","Sanity conference gallery image","womanExcel.conference.2025.gallery","apps/womanexcel/src/pages/conference/2025.astro","Women praying together during the 2025 gathering","present",,,"approved","web-ready JPEG only; camera original unconfirmed",,,"permission and credit unconfirmed","Real Woman Excel 2025 conference photograph."
"apps/womanexcel/public/images/conference/2025/gallery-09.jpg","womanexcel","editorial image","jpg","127447","1080x608","28d30bfee8eb8d644bfaa0cb662c49344181e471c11051f1d20b257b36904ba3","move to Sanity","Sanity conference gallery image","womanExcel.conference.2025.gallery","apps/womanexcel/src/pages/conference/2025.astro","Two women greeting one another at Woman Excel 2025","present",,,"approved","web-ready JPEG only; camera original unconfirmed",,,"permission and credit unconfirmed","Real Woman Excel 2025 conference photograph."
"apps/womanexcel/public/images/conference/2025/gallery-10.jpg","womanexcel","editorial image","jpg","98797","1080x608","ef9bfdaae605131145adecc7a8be5ef3048564aecedbd180f22b2bedada1595e","move to Sanity","Sanity conference gallery image","womanExcel.conference.2025.gallery","apps/womanexcel/src/pages/conference/2025.astro","Women gathered around a conference table","present",,,"approved","web-ready JPEG only; camera original unconfirmed",,,"permission and credit unconfirmed","Real Woman Excel 2025 conference photograph."
"apps/womanexcel/public/images/conference/2025/gallery-11.jpg","womanexcel","editorial image","jpg","90440","1080x814","f63f661757f22d56ee06c0f42f5e09c3ac78d5d151c32d833b68c0e9cde8f01f","move to Sanity","Sanity conference gallery image","womanExcel.conference.2025.gallery","apps/womanexcel/src/pages/conference/2025.astro","Two attendees smiling together at Woman Excel 2025","present",,,"approved","web-ready JPEG only; camera original unconfirmed",,,"permission and credit unconfirmed","Real Woman Excel 2025 conference photograph."
"apps/womanexcel/public/images/conference/2025/gallery-12.jpg","womanexcel","editorial image","jpg","106230","1080x608","862bba9fda2bed1ef5c6665040758b1b109a3e767f3377863865302ce5133d7b","move to Sanity","Sanity conference gallery image","womanExcel.conference.2025.gallery","apps/womanexcel/src/pages/conference/2025.astro","Women holding hands in prayer during the conference","present",,,"approved","web-ready JPEG only; camera original unconfirmed",,,"permission and credit unconfirmed","Real Woman Excel 2025 conference photograph."
"apps/womanexcel/public/images/conference/2025/gallery-13.jpg","womanexcel","editorial image","jpg","97139","1080x608","9b2735a9ce27591201f8b053cd93cc21ba5ec5d47d64ccbe7f3b00fe8491a815","move to Sanity","Sanity conference gallery image","womanExcel.conference.2025.gallery","apps/womanexcel/src/pages/conference/2025.astro","A group of attendees praying together at Woman Excel 2025","present",,,"approved","web-ready JPEG only; camera original unconfirmed",,,"permission and credit unconfirmed","Real Woman Excel 2025 conference photograph."
"apps/womanexcel/public/images/conference/2025/gallery-14.jpg","womanexcel","editorial image","jpg","106643","1080x608","ae14d052e95ea32d2b81d328c051a6eb9ab8b32f3e5159b4a45c1d55e401e74f","move to Sanity","Sanity conference gallery image","womanExcel.conference.2025.gallery","apps/womanexcel/src/pages/conference/2025.astro","Two women holding hands during a prayer session","present",,,"approved","web-ready JPEG only; camera original unconfirmed",,,"permission and credit unconfirmed","Real Woman Excel 2025 conference photograph."
"apps/womanexcel/public/images/conference/2025/gallery-15.jpg","womanexcel","editorial image","jpg","74942","1080x608","e494cfeb11d98038572898ac2964f65d093cb138dc63e7ada7336a4edc6c1f9b","move to Sanity","Sanity conference gallery image","womanExcel.conference.2025.gallery","apps/womanexcel/src/pages/conference/2025.astro","An attendee listening during the Woman Excel gathering","present",,,"approved","web-ready JPEG only; camera original unconfirmed",,,"permission and credit unconfirmed","Real Woman Excel 2025 conference photograph."
"apps/womanexcel/public/images/conference/2025/gallery-16.jpg","womanexcel","editorial image","jpg","103574","1080x814","00eedb367462a51baec64c264e7dc10081cf0dcd5122803c6b85c1809d45940d","move to Sanity","Sanity conference gallery image","womanExcel.conference.2025.gallery","apps/womanexcel/src/pages/conference/2025.astro","Two women together on the conference stage","present","A weekend to Excel",,"approved","web-ready JPEG only; camera original unconfirmed",,,"permission and credit unconfirmed","Real Woman Excel 2025 conference photograph."
"apps/womanexcel/public/images/conference/2025/gallery-17.jpg","womanexcel","editorial image","jpg","67347","1080x608","7b7a894773ba3ea77bca2dee5edad9fa43838b5c4c871e7a03808f1118943a37","move to Sanity","Sanity conference gallery image","womanExcel.conference.2025.gallery","apps/womanexcel/src/pages/conference/2025.astro","A conference attendee seated at a decorated table","present",,,"approved","web-ready JPEG only; camera original unconfirmed",,,"permission and credit unconfirmed","Real Woman Excel 2025 conference photograph."
"apps/womanexcel/public/images/conference/2025/gallery-18.jpg","womanexcel","editorial image","jpg","103440","1080x608","40b911b4b8dc989ef59d0263774495f6d34bb887eef7268f8baba1395a9d0c6e","move to Sanity","Sanity conference gallery image","womanExcel.conference.2025.gallery","apps/womanexcel/src/pages/conference/2025.astro","Women standing together for prayer at Woman Excel 2025","present",,,"approved","web-ready JPEG only; camera original unconfirmed",,,"permission and credit unconfirmed","Real Woman Excel 2025 conference photograph."
"apps/womanexcel/public/images/conference/2025/gallery-19.jpg","womanexcel","editorial image","jpg","107281","1080x608","58de12ee4371184c66bf25010ca6dad688d16ff2f7328e2b227b279cbcbd4558","move to Sanity","Sanity conference gallery image","womanExcel.conference.2025.gallery","apps/womanexcel/src/pages/conference/2025.astro","Women worshipping together during a conference session","present",,,"approved","web-ready JPEG only; camera original unconfirmed",,,"permission and credit unconfirmed","Real Woman Excel 2025 conference photograph."
"apps/womanexcel/public/images/conference/2025/gallery-20.jpg","womanexcel","editorial image","jpg","149074","1080x810","c52e1583757cc23660c02599e859f55a486c0103afa36a8ce3f5b7381c7a7be7","move to Sanity","Sanity conference gallery image","womanExcel.conference.2025.gallery","apps/womanexcel/src/pages/conference/2025.astro","The Woman Excel team gathered around a conference table","present","Serving together",,"approved","web-ready JPEG only; camera original unconfirmed",,,"permission and credit unconfirmed","Real Woman Excel 2025 conference photograph."
"apps/womanexcel/public/images/conference/2025/gallery-21.jpg","womanexcel","editorial image","jpg","152507","1080x810","1767bf867e98e1c13ea67dd95b12b156be23c91c3aeee5614b021af1a0e12e0a","move to Sanity","Sanity conference gallery image","womanExcel.conference.2025.gallery","apps/womanexcel/src/pages/conference/2025.astro","The Woman Excel team posing together after a session","present",,,"approved","web-ready JPEG only; camera original unconfirmed",,,"permission and credit unconfirmed","Real Woman Excel 2025 conference photograph."
"apps/womanexcel/public/images/conference/2025/gallery-22.jpg","womanexcel","editorial image","jpg","98526","1080x608","9680ffcb3c86ec3d50354d9898be5700f562531f15ce9ce45b0b961dc11e4a9e","move to Sanity","Sanity conference gallery image","womanExcel.conference.2025.gallery","apps/womanexcel/src/pages/conference/2025.astro","Women praying and recording a moment from Woman Excel 2025","present",,,"approved","web-ready JPEG only; camera original unconfirmed",,,"permission and credit unconfirmed","Real Woman Excel 2025 conference photograph."
"apps/womanexcel/public/images/conference/2025/gallery-23.jpg","womanexcel","editorial image","jpg","97531","1080x608","baded1c316748a503124a586d7d1ca265c1d1fb56400326be44289140b408eed","move to Sanity","Sanity conference gallery image","womanExcel.conference.2025.gallery","apps/womanexcel/src/pages/conference/2025.astro","Women connecting in prayer during the conference","present",,,"approved","web-ready JPEG only; camera original unconfirmed",,,"permission and credit unconfirmed","Real Woman Excel 2025 conference photograph."
"apps/womanexcel/public/images/conference/2025/gallery-24.jpg","womanexcel","editorial image","jpg","175544","1080x810","0d2dbabc91e721eb1e17eff2d2f9dabc4b21447f347ba4f7d9e8c35ff8c258b4","move to Sanity","Sanity conference gallery image","womanExcel.conference.2025.gallery","apps/womanexcel/src/pages/conference/2025.astro","The full Woman Excel 2025 gathering on stage","present","Together at Woman Excel 2025",,"approved","web-ready JPEG only; camera original unconfirmed",,,"permission and credit unconfirmed","Real Woman Excel 2025 conference photograph."
"apps/womanexcel/public/images/conference/2025/gallery-25.jpg","womanexcel","editorial image","jpg","80572","1080x608","f077c05699df4c8cffe5ee70f518f5448c266093f84eb6d741054fb9f23dd281","move to Sanity","Sanity conference gallery image","womanExcel.conference.2025.gallery","apps/womanexcel/src/pages/conference/2025.astro","A woman leading prayer during Woman Excel 2025","present",,,"approved","web-ready JPEG only; camera original unconfirmed",,,"permission and credit unconfirmed","Real Woman Excel 2025 conference photograph."
"apps/womanexcel/public/images/conference/2025/gallery-26.jpg","womanexcel","editorial image","jpg","75231","1080x608","2cb231d11dc1d416a395d33137f0a9f60ee42b17b4b5fb32f5c7da81c5c0510e","move to Sanity","Sanity conference gallery image","womanExcel.conference.2025.gallery","apps/womanexcel/src/pages/conference/2025.astro","Two women standing together during a conference session","present",,,"approved","web-ready JPEG only; camera original unconfirmed",,,"permission and credit unconfirmed","Real Woman Excel 2025 conference photograph."
"apps/womanexcel/public/images/conference/2025/gallery-27.jpg","womanexcel","editorial image","jpg","99671","1080x608","4f9b58afe81c8a1e7f019858b48587f014b56e795877265aa99cfade72b48ef3","move to Sanity","Sanity conference gallery image","womanExcel.conference.2025.gallery","apps/womanexcel/src/pages/conference/2025.astro","Two attendees holding hands in prayer","present",,,"approved","web-ready JPEG only; camera original unconfirmed",,,"permission and credit unconfirmed","Real Woman Excel 2025 conference photograph."
"apps/womanexcel/public/images/conference/2025/gallery-28.jpg","womanexcel","editorial image","jpg","90753","1080x608","c5adf50a3474fea741f81dd98358ed5a7ba9e7f50804fe90342028e44387bde6","move to Sanity","Sanity conference gallery image","womanExcel.conference.2025.gallery","apps/womanexcel/src/pages/conference/2025.astro","Women sharing a prayerful moment at Woman Excel 2025","present",,,"approved","web-ready JPEG only; camera original unconfirmed",,,"permission and credit unconfirmed","Real Woman Excel 2025 conference photograph."
"apps/womanexcel/public/images/conference/2025/gallery-29.jpg","womanexcel","editorial image","jpg","96523","1080x608","78fd426de35c7af45b013673f0dacd6a4e0e79aba5e0f38382928c65aa060c12","move to Sanity","Sanity conference gallery image","womanExcel.conference.2025.gallery","apps/womanexcel/src/pages/conference/2025.astro","Two women praying together during the gathering","present",,,"approved","web-ready JPEG only; camera original unconfirmed",,,"permission and credit unconfirmed","Real Woman Excel 2025 conference photograph."
"apps/womanexcel/public/images/conference/2025/gallery-30.jpg","womanexcel","editorial image","jpg","87491","1080x608","1221085c5c7d15a99caea1462aa1077b60e22e98ef7e84f96493857635c0ee7b","move to Sanity","Sanity conference gallery image","womanExcel.conference.2025.gallery","apps/womanexcel/src/pages/conference/2025.astro","A group of women worshipping during Woman Excel 2025","present",,,"approved","web-ready JPEG only; camera original unconfirmed",,,"permission and credit unconfirmed","Real Woman Excel 2025 conference photograph."
"apps/womanexcel/public/images/conference/2025/poster.jpg","womanexcel","document","jpg","212829","1280x1600","47ba5ce2f408a6d02d6d01c080b64dde84cff09f2b1def8fa7ea99d48dcb26c2","move to Sanity","Sanity conference promotional image","womanExcel.conference.2025; womanExcel.conference.2025.speakers","apps/womanexcel/src/pages/conference/2025.astro; apps/womanexcel/src/components/conference/2025/speakers.ts","Woman Excel Conference 2025 poster for the theme Excel; also cropped for speaker portraits","present","A weekend to Excel",,"approved","flattened JPEG only; editable design and original portraits missing",,,"important event details exist only inside the image; speaker portraits are derived crops; permission and credit unconfirmed","Real 2025 event poster and temporary source for six speaker crops."
"apps/womanexcel/public/images/conference/2026/day-one-01.jpg","womanexcel","editorial image","jpg","184079","1600x900","715fc24364889852979da80ac484d3151c55c20d2b2a0927faa13191d8975622","move to Sanity","Sanity conference gallery image","womanExcel.conference.2026.gallery","apps/womanexcel/src/pages/conference/2026.astro","A woman speaking at the lectern during Woman Excel 2026","present",,,"approved","web-ready JPEG only; camera original unconfirmed",,,"permission and credit unconfirmed","Real Woman Excel 2026 conference photograph."
"apps/womanexcel/public/images/conference/2026/day-one-02.jpg","womanexcel","editorial image","jpg","167686","1600x900","727bfda8888addc5442bc7c79832ae5330536eb23f9eedc20842dd38e7d72a48","move to Sanity","Sanity conference gallery image","womanExcel.conference.2026.gallery","apps/womanexcel/src/pages/conference/2026.astro; apps/womanexcel/src/components/conference/2026/hero.astro","Women sharing a stage ministration on day one of Woman Excel 2026","present",,,"approved","web-ready JPEG only; camera original unconfirmed",,,"permission and credit unconfirmed","Real Woman Excel 2026 conference photograph."
"apps/womanexcel/public/images/conference/2026/day-one-03.jpg","womanexcel","editorial image","jpg","144636","1600x900","921252f9ef7394272cfc3fc4e0dceed9eae523a12bdb3ed657e73914d7351f2e","move to Sanity","Sanity conference gallery image","womanExcel.conference.2026.gallery","apps/womanexcel/src/pages/conference/2026.astro","Woman Excel attendees seated together around a conference table","present",,,"approved","web-ready JPEG only; camera original unconfirmed",,,"permission and credit unconfirmed","Real Woman Excel 2026 conference photograph."
"apps/womanexcel/public/images/conference/2026/day-one-04.jpg","womanexcel","editorial image","jpg","171794","1600x900","c02eb880b67d1bf10e38300b17b0b3fc40c9b66c8fb8f424c812fddbf200bd26","move to Sanity","Sanity conference gallery image","womanExcel.conference.2026.gallery","apps/womanexcel/src/pages/conference/2026.astro","Women enjoying conversation around a decorated table","present",,,"approved","web-ready JPEG only; camera original unconfirmed",,,"permission and credit unconfirmed","Real Woman Excel 2026 conference photograph."
"apps/womanexcel/public/images/conference/2026/day-one-05.jpg","womanexcel","editorial image","jpg","208037","1600x900","9cc3249f22cc4d041ee0e2afc062da4fd4d9345022997e18fff922859bf42404","move to Sanity","Sanity conference gallery image","womanExcel.conference.2026.gallery","apps/womanexcel/src/pages/conference/2026.astro; apps/womanexcel/src/components/conference/2026/hero.astro","The day one gathering seated around tables at Woman Excel 2026","present",,,"approved","web-ready JPEG only; camera original unconfirmed",,,"permission and credit unconfirmed","Real Woman Excel 2026 conference photograph."
"apps/womanexcel/public/images/conference/2026/day-one-06.jpg","womanexcel","editorial image","jpg","136309","1600x900","ad05b033bf94d3d7e3b92163d0b549bcce99c8037ab381b12bf35b56443b2a80","move to Sanity","Sanity conference gallery image","womanExcel.conference.2026.gallery","apps/womanexcel/src/pages/conference/2026.astro","Two keyboardists leading music during Woman Excel 2026","present",,,"approved","web-ready JPEG only; camera original unconfirmed",,,"permission and credit unconfirmed","Real Woman Excel 2026 conference photograph."
"apps/womanexcel/public/images/conference/2026/day-one-07.jpg","womanexcel","editorial image","jpg","222352","1600x900","79c373a3df601b656fbf25dc47713010f52dbc77f19a46aaab27932980f6d8b0","move to Sanity","Sanity conference gallery image","womanExcel.conference.2026.gallery","apps/womanexcel/src/pages/conference/2026.astro","Women sharing brunch and fellowship on day one","present",,,"approved","web-ready JPEG only; camera original unconfirmed",,,"permission and credit unconfirmed","Real Woman Excel 2026 conference photograph."
"apps/womanexcel/public/images/conference/2026/day-one-08.jpg","womanexcel","editorial image","jpg","206042","1600x900","b12bfe4c646cd0e059b248ed693fb3f41f9f116d5b2e632fc594af28f73645b2","move to Sanity","Sanity conference gallery image","womanExcel.conference.2026.gallery","apps/womanexcel/src/pages/conference/2026.astro; apps/womanexcel/src/components/conference/2026/hero.astro","A panel of women seated together on the Woman Excel stage","present","Rooted in the Word",,"approved","web-ready JPEG only; camera original unconfirmed",,,"permission and credit unconfirmed","Real Woman Excel 2026 conference photograph."
"apps/womanexcel/public/images/conference/2026/day-two-01.jpg","womanexcel","editorial image","jpg","212863","1600x900","69c61697bf5d60c295e20a5a6f640bf00d01f0f507ce578e5d69367a63054bfd","move to Sanity","Sanity conference gallery image","womanExcel.conference.2026.gallery","apps/womanexcel/src/pages/conference/2026.astro; apps/womanexcel/src/components/conference/2026/hero.astro","Three women leading worship on stage on day two","present","Worshipping together",,"approved","web-ready JPEG only; camera original unconfirmed",,,"permission and credit unconfirmed","Real Woman Excel 2026 conference photograph."
"apps/womanexcel/public/images/conference/2026/day-two-02.jpg","womanexcel","editorial image","jpg","209891","1600x900","39706b84834c8c92646b71f799afe0a43b25fc144d4202e87d7cc3fcb9e5afb6","move to Sanity","Sanity conference gallery image","womanExcel.conference.2026.gallery","apps/womanexcel/src/pages/conference/2026.astro","Women dressed in white standing together in worship","present",,,"approved","web-ready JPEG only; camera original unconfirmed",,,"permission and credit unconfirmed","Real Woman Excel 2026 conference photograph."
"apps/womanexcel/public/images/conference/2026/day-two-03.jpg","womanexcel","editorial image","jpg","142968","1600x900","86704e2523f2d4bdb9226f5b973986595836b622651a645b467f2f45787a69c8","move to Sanity","Sanity conference gallery image","womanExcel.conference.2026.gallery","apps/womanexcel/src/pages/conference/2026.astro","A woman singing among the Woman Excel congregation","present",,,"approved","web-ready JPEG only; camera original unconfirmed",,,"permission and credit unconfirmed","Real Woman Excel 2026 conference photograph."
"apps/womanexcel/public/images/conference/2026/day-two-04.jpg","womanexcel","editorial image","jpg","175620","1600x900","7035822eafb38c19f847c51f92b3e54459204f20eae8f73fa2ee5123e8a6fc80","move to Sanity","Sanity conference gallery image","womanExcel.conference.2026.gallery","apps/womanexcel/src/pages/conference/2026.astro","Three singers leading the congregation from the stage","present",,,"approved","web-ready JPEG only; camera original unconfirmed",,,"permission and credit unconfirmed","Real Woman Excel 2026 conference photograph."
"apps/womanexcel/public/images/conference/2026/day-two-05.jpg","womanexcel","editorial image","jpg","157567","1600x900","4a2c06578453fe82956620cb6dd9b6fcc2e7b4166de3b13744a05e02c71ca613","move to Sanity","Sanity conference gallery image","womanExcel.conference.2026.gallery","apps/womanexcel/src/pages/conference/2026.astro","Men and women praying together during the Sunday service","present",,,"approved","web-ready JPEG only; camera original unconfirmed",,,"permission and credit unconfirmed","Real Woman Excel 2026 conference photograph."
"apps/womanexcel/public/images/conference/2026/day-two-06.jpg","womanexcel","editorial image","jpg","166414","1600x900","846752c7ee5820721b94982f169e075d51ea623f4b0e37fda2bc55c1be3f9f7e","move to Sanity","Sanity conference gallery image","womanExcel.conference.2026.gallery","apps/womanexcel/src/pages/conference/2026.astro","The Woman Excel congregation gathered in prayer","present",,,"approved","web-ready JPEG only; camera original unconfirmed",,,"permission and credit unconfirmed","Real Woman Excel 2026 conference photograph."
"apps/womanexcel/public/images/conference/2026/day-two-07.jpg","womanexcel","editorial image","jpg","190384","1600x900","1e7f46e6b0283cd134c33b3acbdcbd2cf549d0bf6a662f775924ca9bb9d8e14a","move to Sanity","Sanity conference gallery image","womanExcel.conference.2026.gallery","apps/womanexcel/src/pages/conference/2026.astro; apps/womanexcel/src/components/conference/2026/hero.astro","Women standing together during the day two worship service","present",,,"approved","web-ready JPEG only; camera original unconfirmed",,,"permission and credit unconfirmed","Real Woman Excel 2026 conference photograph."
"apps/womanexcel/public/images/conference/2026/day-two-08.jpg","womanexcel","editorial image","jpg","176646","1600x900","13150800f614d43a299d04e92b38bc9bf801bf6c83f9e5d74cb9627394c1a0a3","move to Sanity","Sanity conference gallery image","womanExcel.conference.2026.gallery","apps/womanexcel/src/pages/conference/2026.astro","Attendees embracing during a prayerful moment","present","A lasting sisterhood",,"approved","web-ready JPEG only; camera original unconfirmed",,,"permission and credit unconfirmed","Real Woman Excel 2026 conference photograph."
"apps/womanexcel/public/images/conference/2026/day-two-09.jpg","womanexcel","editorial image","jpg","172944","1600x900","63a4931b90a427969eac1c3bd5efe344dbd7a0f8265eeaf71a2ee6712f35e48a","move to Sanity","Sanity conference gallery image","womanExcel.conference.2026.gallery","apps/womanexcel/src/pages/conference/2026.astro","Women on stage leading the congregation in worship","present",,,"approved","web-ready JPEG only; camera original unconfirmed",,,"permission and credit unconfirmed","Real Woman Excel 2026 conference photograph."
"apps/womanexcel/public/images/conference/2026/day-two-10.jpg","womanexcel","editorial image","jpg","231137","1600x900","c859cc6d1afab48bb32db7fc12ce43e752d878f1334fade175f1621eab6add6b","move to Sanity","Sanity conference gallery image","womanExcel.conference.2026.gallery","apps/womanexcel/src/pages/conference/2026.astro; apps/womanexcel/src/components/conference/2026/hero.astro","Women gathered before the stage during the closing service","present",,,"approved","web-ready JPEG only; camera original unconfirmed",,,"permission and credit unconfirmed","Real Woman Excel 2026 conference photograph."
"apps/womanexcel/public/images/logo-full.png","womanexcel","logo/brand asset","png","28358","1090x780","b3b467c762ca23f127a73ad87882fde58c3feaf2b87bc42a19db83597708c8c4","replace","Approved white Woman Excel logo in apps/womanexcel/public/images","womanExcel.conference.brand","apps/womanexcel/src/components/conference/2026/aboutus.astro; apps/womanexcel/src/components/home/conference.astro","The Woman Excel International Conference","present on homepage; empty on conference about section",,,"approved","rendered PNG; editable design source unconfirmed",,,"replacement requested: change to the white logo version","Approved for current use; replace with the white Woman Excel logo when supplied. The empty conference-page alt can be valid if the nearby heading conveys the same identity."
"apps/womanexcel/public/images/placeholds/photo-1.jpg","womanexcel","editorial image","jpg","215005","1600x900","f05db63d7e6575041161b3f495ee2bcc9d47a1903ba46fc625b0258ddd9ce70e","replace","Sanity image asset after approved real conference photography is supplied","womanExcel.conference.template; womanExcel.homePage.hero","apps/womanexcel/src/pages/conference/template.astro; apps/womanexcel/src/components/home/hero.astro","Woman Excel conference highlight 1 in template; decorative on fellowship homepage","present but inaccurate for stock image",,,"development-only","missing; placeholder only",,,"placeholder; not a real Woman Excel image","Development-only placeholder; conference sites must use only real supplied images in production."
"apps/womanexcel/public/images/placeholds/photo-10.jpg","womanexcel","editorial image","jpg","139010","1600x900","178997f4337fda41faf4f90d17582fc2841352e6541ace510fd666179949e559","replace","Sanity image asset after approved real conference photography is supplied","womanExcel.conference.template; womanExcel.homePage.hero; womanExcel.newsletter.2026-05","apps/womanexcel/src/pages/conference/template.astro; apps/womanexcel/src/components/home/hero.astro; apps/womanexcel/src/content/newsletters/2026-05.md","Woman Excel conference highlight 10 in template; decorative on fellowship homepage; newsletter image","present but inaccurate for stock image",,,"development-only","missing; placeholder only",,,"placeholder; not a real Woman Excel image","Development-only placeholder; conference sites must use only real supplied images in production."
"apps/womanexcel/public/images/placeholds/photo-2.jpg","womanexcel","editorial image","jpg","143804","1600x900","7b39b55f4238b5a5d05ea7ed1efcc1dbdd193f029c4c85a6b6971d54a8ec2ba2","replace","Sanity image asset after approved real conference photography is supplied","womanExcel.conference.template","apps/womanexcel/src/pages/conference/template.astro","Woman Excel conference highlight 2 in template","present but inaccurate for stock image",,,"development-only","missing; placeholder only",,,"placeholder; not a real Woman Excel image","Development-only placeholder; conference sites must use only real supplied images in production."
"apps/womanexcel/public/images/placeholds/photo-3.jpg","womanexcel","editorial image","jpg","75884","1600x900","338ce727b1c64f891170cfebb200c555ce0bcb7e13b048426c291b507cb39625","replace","Sanity image asset after approved real conference photography is supplied","womanExcel.conference.template","apps/womanexcel/src/pages/conference/template.astro","Woman Excel conference highlight 3 in template","present but inaccurate for stock image",,,"development-only","missing; placeholder only",,,"placeholder; not a real Woman Excel image","Development-only placeholder; conference sites must use only real supplied images in production."
"apps/womanexcel/public/images/placeholds/photo-4.jpg","womanexcel","editorial image","jpg","146740","1600x900","118483624ae72e994cc528925d80a5954708ceaf382f304d5d268f896547dee1","replace","Sanity image asset after approved real Woman Excel photography is supplied","womanExcel.conference.template; womanExcel.homePage.hero; womanExcel.homePage.about; womanExcel.newsletter.2026-07","apps/womanexcel/src/pages/conference/template.astro; apps/womanexcel/src/components/home/about.astro; apps/womanexcel/src/components/home/hero.astro; apps/womanexcel/src/content/newsletters/2026-07.md","Woman Excel conference highlight 4 in template; decorative on fellowship homepage; newsletter image","present but inaccurate for stock image",,,"development-only","missing; placeholder only",,,"placeholder; not a real Woman Excel image","Development-only placeholder; conference sites must use only real supplied images in production."
"apps/womanexcel/public/images/placeholds/photo-5.jpg","womanexcel","editorial image","jpg","176370","1600x900","a0f792e9a3104421805ba74303e571be33a1fe004b2102f729a9f1e3ac7e2d54","replace","Sanity image asset after approved real conference photography is supplied","womanExcel.conference.template","apps/womanexcel/src/pages/conference/template.astro","Woman Excel conference highlight 5 in template","present but inaccurate for stock image",,,"development-only","missing; placeholder only",,,"placeholder; not a real Woman Excel image","Development-only placeholder; conference sites must use only real supplied images in production."
"apps/womanexcel/public/images/placeholds/photo-6.jpg","womanexcel","editorial image","jpg","290258","1600x900","e8d644a7db726581193c3f18f6368ddd4b06baaeac8f00b76999c45f18f1f56a","replace","Sanity image asset after approved real conference photography is supplied","womanExcel.conference.template","apps/womanexcel/src/pages/conference/template.astro","Woman Excel conference highlight 6 in template","present but inaccurate for stock image",,,"development-only","missing; placeholder only",,,"placeholder; not a real Woman Excel image","Development-only placeholder; conference sites must use only real supplied images in production."
"apps/womanexcel/public/images/placeholds/photo-7.jpg","womanexcel","editorial image","jpg","97871","1600x900","e7d46cb3de98a104a22c5961f50913537f64bb4377212362370db699c181e0d5","replace","Sanity image asset after approved real conference photography is supplied","womanExcel.conference.template; womanExcel.homePage.hero; womanExcel.newsletter.2026-08","apps/womanexcel/src/pages/conference/template.astro; apps/womanexcel/src/components/home/hero.astro; apps/womanexcel/src/content/newsletters/2026-08.md","Woman Excel conference highlight 7 in template; decorative on fellowship homepage; newsletter image","present but inaccurate for stock image",,,"development-only","missing; placeholder only",,,"placeholder; not a real Woman Excel image","Development-only placeholder; conference sites must use only real supplied images in production."
"apps/womanexcel/public/images/placeholds/photo-8.jpg","womanexcel","editorial image","jpg","187222","1600x900","e9a1a8f1a8135e27ae098f0c1994707da77dbb0c44b7ffd9bd43af5da3d51ada","replace","Sanity image asset after approved real conference photography is supplied","womanExcel.conference.template","apps/womanexcel/src/pages/conference/template.astro","Woman Excel conference highlight 8 in template","present but inaccurate for stock image",,,"development-only","missing; placeholder only",,,"placeholder; not a real Woman Excel image","Development-only placeholder; conference sites must use only real supplied images in production."
"apps/womanexcel/public/images/placeholds/photo-9.jpg","womanexcel","editorial image","jpg","128694","1600x900","7e6adf70479181a0fd4ea96d756db6787a1f4558f0b30ede00b0f8df01e0aa54","replace","Sanity image asset after approved real conference photography is supplied","womanExcel.conference.template","apps/womanexcel/src/pages/conference/template.astro","Woman Excel conference highlight 9 in template","present but inaccurate for stock image",,,"development-only","missing; placeholder only",,,"placeholder; not a real Woman Excel image","Development-only placeholder; conference sites must use only real supplied images in production."
"apps/womanexcel/public/images/speakers/angela-hunter.png","womanexcel","editorial image","png","2841838","1000x1000","c3ed7f86bbd361e65ebcc31a49394fcac46479ea8c6313506f28f8b2a5f64c93","move to Sanity","Sanity person portrait image","person.angelaHunter / womanExcel.conference.2026","apps/womanexcel/src/components/conference/2026/speakers.ts","Angela Hunter","present",,,"approved","transparent cutout only; original photograph missing",,,"oversized 16-bit PNG; credit unconfirmed","Approved Woman Excel 2026 conference speaker image."
"apps/womanexcel/public/images/speakers/dunni-esuturie.png","womanexcel","editorial image","png","2636573","1000x1000","05366013a1d4c957b16fa99e8911b89c2447b25f96eba1f59b005d9b7b742ff5","move to Sanity","Sanity person portrait image","person.dunniEsuturie / womanExcel.conference.2026","apps/womanexcel/src/components/conference/2026/speakers.ts","Dunni Esuturie","present",,,"approved","transparent cutout only; original photograph missing",,,"oversized 16-bit PNG; credit unconfirmed","Approved Woman Excel 2026 conference speaker image."
"apps/womanexcel/public/images/speakers/his-covenant-music.png","womanexcel","editorial image","png","2948002","1000x1000","bf6ac583b7da1c6d6128ae7ad1989afa2bd52cd0bf024e1d04e4f326a920d75a","move to Sanity","Sanity performer portrait image","performer.hisCovenantMusic / womanExcel.conference.2026","apps/womanexcel/src/components/conference/2026/speakers.ts","His Covenant Music","present",,,"approved","transparent cutout only; original photograph missing",,,"oversized 16-bit PNG; credit unconfirmed","Approved Woman Excel 2026 conference performer image."
"apps/womanexcel/public/images/speakers/marina-esiri-iyeme-eteng.png","womanexcel","editorial image","png","2715202","1000x1000","8530c23fce839b1abe825c6881291dfef76e6cb2379dd3e34d35655bb0980169","move to Sanity","Sanity person portrait image","person.marinaEsiriIyemeEteng / womanExcel.conference.2026","apps/womanexcel/src/components/conference/2026/speakers.ts","Marina Esiri Iyeme-Eteng","present",,,"approved","transparent cutout only; original photograph missing",,,"oversized 16-bit PNG; credit unconfirmed","Approved Woman Excel 2026 conference speaker image."
"apps/womanexcel/public/images/speakers/reuben-adeleye.png","womanexcel","editorial image","png","2944153","1000x1000","153109887045af577c062ee1f80d67330db621fce824f1e99f912281b821e761","move to Sanity","Sanity person portrait image","person.reubenAdeleye / womanExcel.conference.2026 / churchMain.homePage","apps/womanexcel/src/components/conference/2026/speakers.ts","Pst. Reuben Adeleye","present",,,"approved","transparent cutout only; original photograph missing",,,"oversized 16-bit PNG; credit unconfirmed","Approved canonical portrait for Woman Excel and Church Main."
"apps/womanexcel/public/images/speakers/tobie-hainstock.png","womanexcel","editorial image","png","2977636","1000x1000","a8ebf23f0979a7b642af9124bc5e3ef0285d70d88f70c2b8afbe6eb51cd479b2","move to Sanity","Sanity person portrait image","person.tobieHainstock / womanExcel.conference.2026","apps/womanexcel/src/components/conference/2026/speakers.ts","Tobie Hainstock","present",,,"approved","transparent cutout only; original photograph missing",,,"oversized 16-bit PNG; credit unconfirmed","Approved Woman Excel 2026 conference speaker image."
"apps/womanexcel/public/images/speakers/tosin-olayinka-ajibs.png","womanexcel","editorial image","png","2681553","1000x1000","4395d273470a671d94354cb2ba11e267a55fa921377bf1949b866b3c1813b96b","move to Sanity","Sanity person portrait image","person.tosinOlayinkaAjibs / womanExcel.conference.2026","apps/womanexcel/src/components/conference/2026/speakers.ts","Tosin Olayinka Ajibs","present",,,"approved","transparent cutout only; original photograph missing",,,"oversized 16-bit PNG; credit unconfirmed","Approved Woman Excel 2026 conference speaker image."
"apps/womanexcel/public/images/speakers/toyin-adeleye.png","womanexcel","editorial image","png","2431144","1000x1000","b0caeaec363399f17004ae9561a31ef8a837e3008a867655bc950ad566c8e49b","move to Sanity","Sanity person portrait image","person.toyinAdeleye / womanExcel.conference.2026 / churchMain.homePage","apps/womanexcel/src/components/conference/2026/speakers.ts","Pst. Toyin Adeleye","present",,,"approved","transparent cutout only; original photograph missing",,,"oversized 16-bit PNG; credit unconfirmed","Approved canonical portrait for Woman Excel and Church Main."
"apps/womanexcel/public/images/the-word.svg","womanexcel","editorial image","svg","53565","4800x1369","f38b0959e2d40337f8b8333b9b16476ce1d119550a5d5cc478a9a8e4369f18c0","move to Sanity","Sanity conference themeArtwork image field","womanExcel.conference.2026.theme","apps/womanexcel/src/components/conference/2026/hero.astro","The Word","present",,,"approved","vector artwork present",,,"","Approved conference-specific hero theme artwork; migrate to the 2026 conference themeArtwork field."
"apps/womanexcel/src/assets/excellent-women-logo.jpg","womanexcel","logo/brand asset","jpg","14286","480x480","7d325d8c89499e12239857cabef34651bf52606073bb3c65ef42161bc224c85d","keep in Git","apps/womanexcel/src/assets","womanExcel.fellowship.brand","apps/womanexcel/src/components/home/hero.astro; apps/womanexcel/src/layouts/layout.astro","Cornerstone Excellent Women","present",,,"development-only","rendered JPEG only; vector source missing",,,"development-only; lossy raster logo; approved vector original should replace it if available","Approved for development use only; do not use in production or migrate to Sanity."
"apps/womanexcel/src/assets/logo.png","womanexcel","logo/brand asset","png","120745","366x365","477df76a3fa8d3d77351fd4c861fcd49c7413baba7f581281ac1e1475feb0cff","replace","Approved white Woman Excel logo in apps/womanexcel/src/assets","womanExcel.conference.brand","apps/womanexcel/src/layouts/layout.astro",,"decorative favicon",,,"approved","rendered PNG; related vector exists",,"apps/womanexcel/src/assets/logo.svg","semantic duplicate/variant of the conference logo SVG; replacement requested: change to the white logo version","Approved for current use as the conference favicon; replace with the white Woman Excel logo version when supplied."
"apps/womanexcel/src/assets/logo.svg","womanexcel","logo/brand asset","svg","1228233","2172x724","abe4688e80c8f4fa86a62b81468226e07454c9cb5a1fb992f93bd43e45ec1d68","replace","Approved white Woman Excel logo in apps/womanexcel/src/assets","womanExcel.conference.brand","apps/womanexcel/src/layouts/layout.astro",,"decorative; adjacent site identity supplies the name",,,"approved","SVG present",,,"replacement requested: change to the white logo version; 1.2 MB SVG is unusually large and should be optimized if retained","Approved for current use as the build-time conference wordmark; replace with the white Woman Excel logo version when supplied."
